"","APP","GAP","IBR","PGI","TRNGR"
"A_tai_11685_Mys_A","11685_c2","11685_c1","11685_c1","11685_c1","11685_c1"
"A_tai_11685_Mys_B","11685_c1","11685_c2","11685_c2","11685_c2","11685_BLANK1"
"A_ten_10529_Chn_A","10529_c2","10529_c1","10529_c1","10529_c1","10529_c1"
"A_ten_10529_Chn_B","10529_c1","10529_c2","10529_c2","10529_c2","10529_BLANK1"
"A_ten_11702_Mys_A","11702_c1","11702_c1","11702_c1","11702_c1","11702_BLANK1"
"A_ten_11702_Mys_B","11702_c2","11702_c2","11702_c2","11702_c2","11702_c1"
"C_deq_12509_Chn_A1","12509_c2","12509_c2","12509_BLANK1","12509_BLANK1","12509_BLANK2"
"C_deq_12509_Chn_A2","12509_c1","12509_c1","12509_c2","12509_c1","12509_c1"
"C_deq_12509_Chn_B","12509_BLANK1","12509_BLANK1","12509_c1","12509_c2","12509_BLANK1"
"C_dic_10804_Rus_A","10804_c1","10804_BLANK1","10804_c1","10804_BLANK1","10804_c1"
"C_dic_10804_Rus_C","10804_c2","10804_c1","10804_BLANK1","10804_c2","10804_BLANK1"
"C_dic_10804_Rus_B","10804_BLANK1","10804_c2","10804_c2","10804_c1","10804_BLANK2"
"C_form_13989_Chl_A","13989_c1","13989_c1","13989_c2","13989_c1","13989_c1"
"C_form_13989_Chl_B","13989_c2","13989_BLANK1","13989_c1","13989_c2","13989_BLANK1"
"C_fra_16804_Chn_A","16804_c1","16804_BLANK2","16804_c2","16804_BLANK2","16804_BLANK3"
"C_fra_16804_Chn_B1","16804_BLANK2","16804_BLANK1","16804_BLANK2","16804_c1","16804_c1"
"C_fra_16804_Chn_B2","16804_BLANK1","16804_c1","16804_c1","16804_BLANK1","16804_BLANK2"
"C_fra_16804_Chn_C","16804_c2","16804_BLANK3","16804_BLANK1","16804_c2","16804_BLANK1"
"C_fra_5846_CO_A","5846_c3","5846_c2","5846_BLANK1","5846_c1","5846_BLANK1"
"C_fra_5846_CO_C","5846_c2","5846_BLANK1","5846_c1","5846_c3","5846_c1"
"C_fra_5846_CO_B","5846_c1","5846_c1","5846_c2","5846_c2","5846_BLANK2"
"C_fra_6980_Can_A","6980_c1","6980_c1","6980_c1","6980_c1","6980_c1"
"C_fra_6980_Can_B","6980_c2","6980_c2","6980_c2","6980_c2","6980_BLANK1"
"C_fra_7011_Icld_A","7011_c1","7011_c1","7011_c2","7011_c1","7011_c1"
"C_fra_7011_Icld_B","7011_c2","7011_BLANK1","7011_c1","7011_c2","7011_BLANK1"
"C_fra_7112_Mex_A","7112_c2","7112_c1","7112_c1","7112_c1","7112_c1"
"C_fra_7112_Mex_B","7112_c1","7112_BLANK1","7112_BLANK1","7112_BLANK1","7112_BLANK1"
"C_fra_7625_Tai_A","7625_BLANK1","7625_c3","7625_BLANK1","7625_c1","7625_c1"
"C_fra_7625_Tai_B","7625_c2","7625_c2","7625_BLANK2","7625_c2","7625_BLANK2"
"C_fra_7625_Tai_C","7625_c1","7625_c1","7625_c1","7625_c3","7625_BLANK3"
"C_fra_7625_Tai_D","7625_c3","7625_BLANK1","7625_c2","7625_BLANK1","7625_BLANK1"
"C_ree_7032_NM_A","7032_c1","7032_c1","7032_c2","7032_c1","7032_BLANK2"
"C_ree_7032_NM_B","7032_BLANK1","7032_c2","7032_c1","7032_c2","7032_BLANK1"
"C_sud_10801_Rus_A","10801_c1","10801_c1","10801_c1","10801_c1","10801_BLANK1"
"C_sud_10801_Rus_B","10801_c2","10801_c2","10801_c2","10801_c2","10801_c1"
"C_tas_6379_Nzl_B","6379_c1","6379_BLANK1","6379_BLANK2","6379_c1","6379_BLANK1"
"C_tas_6379_Nzl_A2","6379_BLANK1","6379_c1","6379_BLANK1","6379_BLANK1","6379_BLANK2"
"C_tas_6379_Nzl_A1","6379_c2","6379_c2","6379_c1","6379_c2","6379_c1"
"C_ten_16972_MN_A","16972_c1","16972_c2","16972_c2","16972_c1","16972_c1"
"C_ten_16972_MN_B","16972_c2","16972_c1","16972_c1","16972_c2","16972_BLANK1"
"C_tenn_11539_KS_A","11539_c1","11539_c1","11539_c1","11539_c1","11539_BLANK1"
"C_tenn_11539_KS_B","11539_c2","11539_c2","11539_c2","11539_c2","11539_c1"
"C_tenu_6827_UT_A","6827_c1","6827_c1","6827_c1","6827_c2","6827_c1"
"C_tenu_6827_UT_B","6827_c2","6827_c2","6827_c2","6827_c1","6827_BLANK1"
"C_uta_8232_NM_A","8232_c2","8232_c1","8232_c1","8232_c1","8232_c1"
"C_uta_8232_NM_B","8232_c1","8232_c2","8232_c2","8232_c2","8232_BLANK1"
"G_aok_7984_Jpn_A","7984_c1","7984_c1","7984_c1","7984_c1","7984_BLANK1"
"G_aok_7984_Jpn_B","7984_c2","7984_c2","7984_c2","7984_c2","7984_c1"
"G_con_6979_Can_A","6979_c1","6979_c1","6979_c1","6979_c2","6979_c1"
"G_con_6979_Can_B","6979_c2","6979_c2","6979_c2","6979_c1","6979_BLANK1"
"G_dry_16589_Can_A","16589_c2","16589_c1","16589_c1","16589_c1","16589_BLANK1"
"G_dry_16589_Can_B","16589_c1","16589_c2","16589_c2","16589_c2","16589_c1"
"G_jes_12476_Chn_A","12476_c1","12476_c1","12476_c1","12476_c2","12476_c1"
"G_jes_12476_Chn_B","12476_c2","12476_c2","12476_c2","12476_c1","12476_BLANK1"
"G_rob_8117_Aut_A","8117_c1","8117_c2","8117_c2","8117_c1","8117_c1"
"G_rob_8117_Aut_B","8117_c2","8117_c1","8117_c1","8117_c2","8117_BLANK1"
"G_rob_8978_MN_A","8978_c1","8978_c1","8978_c1","8978_c2","8978_BLANK1"
"G_rob_8978_MN_B","8978_c2","8978_c2","8978_c2","8978_c1","8978_c1"
